Unnamed: 0,Name,Domain,landing,Unnamed: 4,total count,Unnamed: 6,note,Title 1,Brief Intro,Unnamed: 10,tip 1,count 1,paragraph 1,tip 2,count 2,paragraph 2,tip 3,count 3,paragraph 3,tip 4,count 4,paragraph 4,tip 5,count 5,paragraph 5,tip 6,count 6,paragraph 6,tip 7,count 7,paragraph 7,tip 8,count 8,paragraph 8,tip 9,count 9,paragraph 9,tip 10,count 10,pararaph 10
1,webshop.paradiso.nl,https://webshop.paradiso.nl/,https://nl.hotdeals.com/winkels/paradiso-kortingscode,,781,,,Shop your way to lasting financial stability with these money-saving strategies.,"{Mer.} is a music venue and cultural centre in Amsterdam were you can buy various products from this webshop, such as memberships, posters, books, clothing, accessories, passes and vinyl.",,"Advance Ticket Benefits: Position yourself for substantial savings by proactively securing your event tickets well in advance. Whether you're eyeing the exclusive early booking discount or the coveted early bird pricing, thoughtful planning is your pathway to prosperity. Devise a strategy and expedite your ticket purchase to fully harness the unmatched advantages of this exceptional cost-saving opportunity. Your foresight now promises long-term financial gains that align perfectly with your budget-conscious mindset.",70,0,"Exclusive Membership Perks: Elevate your experience by becoming a valued {Mer.} member. Gain access to concert discounts that significantly reduce your entertainment costs while enjoying complimentary entry to carefully selected events that cater to your tastes. With priority ticket sales, you're ensured seamless access to the most sought-after performances. By paying a nominal annual fee, you can seamlessly enter this exclusive circle and relish the array of perks available, amplifying your entertainment experiences while saving significantly.",75,1,"All-Access Pass Advantages: Embark on a world of limitless entertainment with the {Mer.} pass. This golden ticket provides you unrestricted access to a spectrum of captivating small hall concerts, allowing you to immerse yourself in musical excellence whenever the mood strikes. In addition, the pass extends its benefits to select large hall performances with discounted rates, further expanding your concert horizons. By committing to an affordable annual fee, you can embrace a world of musical experiences like never before, making every note resonate with the harmony of savings and enjoyment.",89,1,"Artistic Poster Treasures: Elevate your space with a touch of artistic originality through {Mer.} posters. Navigate through a captivating collection that encapsulates your favorite artists and events, each carefully designed to infuse your surroundings with a unique aura. What's even more enticing is that these aesthetic marvels are available at incredibly affordable prices through our dedicated webshop. Give your room an essence of individuality without straining your wallet, enriching your living spaces with the vibrancy of artistic expression.",77,1,"Insightful Book Investments: Delve into the rich tapestry of {Mer.}'s history and cultural significance through captivating books that narrate its journey. Whether you're intrigued by its legacy, mesmerized by its diverse program highlights, or captivated by the stories that the venue has witnessed, these insightful reads provide a profound understanding of its essence. Available at budget-friendly prices on our dedicated webshop, these literary gems offer an immersive exploration into Paradiso's past, present, and future.",73,1,"Collective Ticket Savings: Collaborative efforts yield remarkable rewards as you embark on a journey of collective ticket savings. Enlist the support of your friends or family to optimize the purchase process, resulting in reduced shipping and service fees that are typically associated with individual transactions. By making bulk purchases together, you unlock a seamless and economical way to secure your event access, ensuring that your budget remains intact while maximizing your collective entertainment value.",73,0,"Affordable Concert Choices: Unearth a treasure trove of budget-conscious concerts and events at {Mer.} that cater to your diverse interests and preferences. Harness the power of program filtering, allowing you to curate your entertainment experiences based on genre, date, price, or hall preference. Navigate through the options with ease and select the experiences that resonate with you, all while enjoying the satisfaction of engaging in affordable entertainment pursuits that align seamlessly with your financial goals.",74,1,"Sponsor-Backed Concert Perks: Enrich your concert experiences by embracing sponsor-backed advantages during your visits to {Mer.}. Attend events supported by esteemed partners such as CJP, ING, OOR, or VPRO, and unlock exclusive discounts on ticket prices that grant you access to remarkable performances at reduced costs. These partnerships extend beyond mere discounts, as they often encompass complimentary extras that further amplify your entertainment enjoyment. Simply scan the event program to identify sponsored offerings and seize the opportunity to enhance your Paradiso experiences.",81,1,"Newsletter Insights: Stay on the cutting edge of {Mer.}'s offerings and announcements by subscribing to the Paradiso newsletter. By doing so, you not only gain a window into the latest promotions and discounts on select products and tickets but also ensure that you remain informed about the dynamic landscape of events and happenings at Paradiso. This invaluable resource is available to you free of charge, requiring nothing more than your email address to unlock a world of insights and opportunities.",79,1.0,"Engaging Social Media Opportunities: Immerse yourself in the captivating world of {Mer.}'s social media platforms, where exciting opportunities await your participation. As you follow Paradiso across various platforms such as Facebook, Instagram, and Twitter, you open the door to a realm of contests, quizzes, and giveaways that promise the chance to win complimentary products, coveted tickets, and memorable experiences. By actively engaging with Paradiso's vibrant online community, you forge connections, share your passion, and elevate your entertainment endeavors, all while enjoying the thrill of potentially becoming one of the fortunate winners.",90.0,1.0
2,blendking.nl,https://blendking.nl/,https://nl.hotdeals.com/winkels/blendking-kortingscodes,,0,,,,,,,0,0,,0,0,,0,0,,0,0,,0,0,,0,0,,0,0,,0,0,,0,0.0,,0.0,0.0
3,tongtongfair.nl,https://tongtongfair.nl/,https://nl.hotdeals.com/winkels/tong-tong-fair-kortingscodes,,0,,,Navigate the realm of expert-endorsed shopping savings to fortify your financial future.,,,,0,0,,0,0,,0,0,,0,0,,0,0,,0,0,,0,0,,0,0,,0,0.0,,0.0,0.0
4,gardpro.nl,https://gardpro.nl/,https://nl.hotdeals.com/winkels/gard-pro-kortingscodes,,0,,,Plant the seeds of prosperity by incorporating these shopping-savvy techniques into your routine.,,,,0,0,,0,0,,0,0,,0,0,,0,0,,0,0,,0,0,,0,0,,0,0.0,,0.0,0.0
5,aquadiver.com,https://aquadiver.com/nl/begin.html,https://nl.hotdeals.com/winkels/aquadiver-kortingscodes,,0,,,Harvest a fruitful tomorrow by applying these tried-and-true saving strategies to your shopping adventures.,,,,0,0,,0,0,,0,0,,0,0,,0,0,,0,0,,0,0,,0,0,,0,0.0,,0.0,0.0
6,diepr.nl,https://www.diepr.nl/,https://nl.hotdeals.com/winkels/diepr-kortingscodes,,0,,,Craft a solid foundation for your finances by embracing these valuable shopping-centric money-saving suggestions.,,,,0,0,,0,0,,0,0,,0,0,,0,0,,0,0,,0,0,,0,0,,0,0.0,,0.0,0.0
7,oduree.nl,https://oduree.nl/,https://nl.hotdeals.com/winkels/oduree-kortingscodes,,0,,,Transform your shopping habits into pillars of savings for a more secure financial horizon.,,,,0,0,,0,0,,0,0,,0,0,,0,0,,0,0,,0,0,,0,0,,0,0.0,,0.0,0.0
8,bionera.nl,https://bionera.nl/,https://nl.hotdeals.com/winkels/bionera-kortingscode,,0,,,"Elevate your savings game through the application of these shopping-inspired tips, endorsed by experts.",,,,0,0,,0,0,,0,0,,0,0,,0,0,,0,0,,0,0,,0,0,,0,0.0,,0.0,0.0
9,hetpauperparadijs.nl,https://www.hetpauperparadijs.nl/,https://nl.hotdeals.com/winkels/het-pauperparadijs-kortingscode,,0,,,Weave a tapestry of financial security with threads of shopping mindfulness and long-term saving goals.,,,,0,0,,0,0,,0,0,,0,0,,0,0,,0,0,,0,0,,0,0,,0,0.0,,0.0,0.0
10,moi-et-marie.com,https://moi-et-marie.com/,https://nl.hotdeals.com/winkels/moi-et-marie-kortingscode,,0,,,Redefine your shopping narrative through actionable steps that pave the way to heightened savings and economic well-being.,,,,0,0,,0,0,,0,0,,0,0,,0,0,,0,0,,0,0,,0,0,,0,,,,
